channel,longitude,latitude,elevation
1,18.376949583139734,42.51683169115608,0.0
2,18.376996818473128,42.51694525974011,0.0
3,18.377014747088335,42.51704390617994,0.0
4,18.377014747088335,42.51704390617994,0.0
5,18.377014747088335,42.51704390617994,0.0
6,18.377014747088335,42.51704390617994,0.0
7,18.377014747088335,42.51704390617994,0.0
8,18.377014747088335,42.51704390617994,0.0
9,18.377014747088335,42.51704390617994,0.0
10,18.377014747088335,42.51704390617994,0.0
11,18.377014747088335,42.51704390617994,0.0
12,18.377014747088335,42.51704390617994,0.0
13,18.376895125279503,42.5170725352273,0.0
14,18.37677550867027,42.51710118600034,0.0
15,18.376655892057787,42.51712983675981,0.0
16,18.376536275442543,42.517158487507736,0.0
17,18.376416658824162,42.51718713824259,0.0
18,18.376297042202783,42.51721578896491,0.0
19,18.37617742557863,42.51724443967564,0.0
20,18.376057808951117,42.51727309037239,0.0
21,18.37593819232084,42.517301741057544,0.0
22,18.37581857568754,42.51733039173011,0.0
23,18.375698959051135,42.5173590423897,0.0
24,18.375580053822578,42.517390453307605,0.0
25,18.37546149442399,42.51742320493348,0.0
26,18.375342935205957,42.51745595721307,0.0
27,18.375224375983553,42.51748870947685,0.0
28,18.375105816756452,42.517521461723625,0.0
29,18.374987257525266,42.51755421395563,0.0
30,18.374868698289287,42.51758696617027,0.0
31,18.374868698289287,42.51758696617027,0.0
32,18.374868698289287,42.51758696617027,0.0
33,18.374750139049038,42.517619718369474,0.0
34,18.374750139049038,42.517619718369474,0.0
35,18.374750139049038,42.517619718369474,0.0
36,18.374750139049038,42.517619718369474,0.0
37,18.374750139049038,42.517619718369474,0.0
38,18.374631579804472,42.51765247055304,0.0
39,18.37451302055516,42.5176852227194,0.0
40,18.374394461301762,42.51771797487098,0.0
41,18.374275519184966,42.517749305096885,0.0
42,18.374156505878688,42.5177803668568,0.0
43,18.37403749256878,42.51781142860278,0.0
44,18.373918479254737,42.517842490332946,0.0
45,18.37379946593719,42.517873552049686,0.0
46,18.373680452615677,42.51790461375122,0.0
47,18.37356143929036,42.51793567543819,0.0
48,18.373442425961503,42.5179667371116,0.0
49,18.373323412628423,42.517997798768796,0.0
50,18.373204399291836,42.5180288604126,0.0
51,18.373085454046212,42.518060174965655,0.0
52,18.372965904360587,42.51808902969815,0.0
53,18.37284630680837,42.51811775973833,0.0
54,18.372726742504213,42.518146628010584,0.0
55,18.372607179118226,42.518175500085874,0.0
56,18.372487615729224,42.51820437214868,0.0
57,18.37236805233733,42.518233244199486,0.0
58,18.372248488942056,42.51826211623632,0.0
59,18.372129713060275,42.518293934733826,105.4111158447391
60,18.372010703758292,42.51832499222279,105.40970840213544
61,18.3718914935911,42.518355289407296,105.0
62,18.371771535496368,42.51838238781719,105.66816427700154
63,18.371651491341947,42.51840914302662,96.30182023894429
64,18.371532773864438,42.518441213858104,33.05617220608143
65,18.371412685176033,42.51846655232119,104.41716411918227
66,18.37128972671868,42.51846867917324,102.75732728377523
67,18.371166730231767,42.518467750367414,28.916168538658738
68,18.371043753295847,42.518466896629256,99.00776291620835
69,18.370920810781772,42.518470627942264,99.58106608972061
70,18.370797841627255,42.518473365321036,38.798148528032364
71,18.37067490195571,42.518469968044414,102.47489515172781
72,18.3705519113243,42.51847002503114,103.3544740145646
73,18.37042896422968,42.51847347013596,103.97324329272664
74,18.37030603216479,42.51847605393721,104.5403272089571
75,18.37018306795296,42.5184730975563,56.983011792027455
76,18.3700601303096,42.518475560420555,6.772874781664405
77,18.36993718004614,42.51847763946255,96.20003768639272
78,18.369814245914586,42.518479955973646,104.61375617889838
79,18.369814245914586,42.518479955973646,104.61375617889838
80,18.369814245914586,42.518479955973646,104.61375617889838
81,18.369814245914586,42.518479955973646,104.61375617889838
82,18.369814245914586,42.518479955973646,104.61375617889838
83,18.369814245914586,42.518479955973646,104.61375617889838
84,18.369814245914586,42.518479955973646,104.61375617889838
85,18.36969127182287,42.518478379441554,104.60893219208008
86,18.36956832623036,42.51848203659584,104.40727419659292
87,18.369445349603065,42.518482791834145,104.96323124551263
88,18.369322373939543,42.51848276681784,105.0
89,18.36919949289506,42.5184881726751,105.0
90,18.36907655953634,42.518492130581315,104.45061386138524
91,18.368954390187124,42.51850593915,103.7961422533156
92,18.368833546108657,42.51852860782734,103.77396127450504
93,18.36871474696914,42.51856031200783,102.99093591437243
94,18.368597155049546,42.51859638317045,102.92475082244594
95,18.368481790913975,42.518638718650884,105.19898713259101
96,18.368369839408984,42.51868964397647,104.6858613251329
97,18.36825666748817,42.518737773308075,102.83217025199005
98,18.36825666748817,42.518737773308075,102.83217025199005
99,18.36825666748817,42.518737773308075,102.83217025199005
100,18.36825666748817,42.518737773308075,102.83217025199005
101,18.36825666748817,42.518737773308075,102.83217025199005
102,18.36825666748817,42.518737773308075,102.83217025199005
103,18.36825666748817,42.518737773308075,102.83217025199005
104,18.36825666748817,42.518737773308075,102.83217025199005
105,18.36825666748817,42.518737773308075,102.83217025199005
106,18.36825666748817,42.518737773308075,102.83217025199005
107,18.36825666748817,42.518737773308075,102.83217025199005
108,18.36825666748817,42.518737773308075,102.83217025199005
109,18.36825666748817,42.518737773308075,102.83217025199005
110,18.36825666748817,42.518737773308075,102.83217025199005
111,18.36825666748817,42.518737773308075,102.83217025199005
112,18.36825666748817,42.518737773308075,102.83217025199005
113,18.36825666748817,42.518737773308075,102.83217025199005
114,18.36825666748817,42.518737773308075,102.83217025199005
115,18.36825666748817,42.518737773308075,102.83217025199005
116,18.36825666748817,42.518737773308075,102.83217025199005
117,18.36825666748817,42.518737773308075,102.83217025199005
118,18.36825666748817,42.518737773308075,102.83217025199005
119,18.36825666748817,42.518737773308075,102.83217025199005
120,18.36825666748817,42.518737773308075,102.83217025199005
121,18.36825666748817,42.518737773308075,102.83217025199005
122,18.36825666748817,42.518737773308075,102.83217025199005
123,18.36825666748817,42.518737773308075,102.83217025199005
124,18.36825666748817,42.518737773308075,102.83217025199005
125,18.36825666748817,42.518737773308075,102.83217025199005
126,18.36825666748817,42.518737773308075,102.83217025199005
127,18.36825666748817,42.518737773308075,102.83217025199005
128,18.36825666748817,42.518737773308075,102.83217025199005
129,18.36825666748817,42.518737773308075,102.83217025199005
130,18.368338759764676,42.51871709242599,104.25952066316971
131,18.36845166729423,42.51866830791309,105.4961663906169
132,18.368566840050857,42.51862532466387,106.57922481440752
133,18.36868378681032,42.51858721385648,107.24247096079561
134,18.36880293890964,42.51855678959905,108.54418520768249
135,18.368923650300083,42.51853336719645,109.0850730157667
136,18.3690442479367,42.518509901049505,109.80341590167473
137,18.369167141087008,42.51850647115597,109.92479688752363
138,18.369290107959433,42.518504971437096,109.16780119751571
139,18.369412845154415,42.5184976924099,108.91766504471312
140,18.36953583643674,42.518498310759774,108.30593267914361
141,18.36965868078072,42.518504004569174,108.00628856217509
142,18.369781656055554,42.518503308147345,107.32746684692505
143,18.36990459310713,42.518499388390126,107.77488243914577
144,18.36990459310713,42.518499388390126,107.77488243914577
145,18.36990459310713,42.518499388390126,107.77488243914577
146,18.36990459310713,42.518499388390126,107.77488243914577
147,18.370027569655768,42.51849898726119,107.26561930120522
148,18.37015051369462,42.518495435622896,106.41982033945672
149,18.370273398953373,42.51849012415586,106.77002441451623
150,18.37039632013872,42.51849182650993,101.26973023502254
151,18.370519268466186,42.518488267957146,65.67996536058203
152,18.37064222852683,42.51848862007023,108.0
153,18.370765070290425,42.518494236303034,108.0
154,18.370888033290143,42.51849170098751,107.9909062770383
155,18.371010994678805,42.51848908515932,107.59029270265458
156,18.371133949681163,42.51848625344863,106.18931215455099
157,18.37125693829822,42.51848579603334,106.00566813369781
158,18.3713798908731,42.51848244774164,106.0
159,18.371501710168037,42.51847022212893,106.0
160,18.371619345706584,42.518434297665166,106.0
161,18.37173961512425,42.51840926577492,105.9998633645014
162,18.371860003984175,42.51838433629335,105.98449654662174
163,18.37197812262236,42.51835019050421,105.13624950767554
164,18.372097160087012,42.518319299218916,105.0
165,18.372216889862248,42.518291126980714,105.29070654578044
166,18.37233631394989,42.51826170078642,105.86625683691061
167,18.37245523833937,42.51823030593691,64.06517362382496
168,18.37257463284112,42.51820084603822,83.12841419082764
169,18.372693284518352,42.51816855661948,39.55724414601445
170,18.37281335229629,42.5181419456814,79.37457680225758
171,18.372933176701775,42.51811427688516,104.09922686037659
172,18.373052056862228,42.518082803481164,105.6000108485875
173,18.37317228805165,42.51805690293921,105.97790766634998
174,18.373291324623548,42.518026096053376,106.65881841352187
175,18.373410705459005,42.51799650507481,106.30019198329904
176,18.37353047241038,42.517968489412105,105.39991212561051
177,18.373650448055212,42.51794138468252,105.52980559761485
178,18.373770517825733,42.51791469835773,106.0
179,18.37388849225602,42.51788018242827,103.11807215549088
180,18.37400614782838,42.51784502858561,86.86244212790483
181,18.37412446085404,42.517811919894385,49.779614771928
182,18.37424149326046,42.51777453057162,105.04633427304242
183,18.374361640154042,42.5177482000715,105.65311651075902
184,18.374480990803907,42.517718562934284,105.97880285004172
185,18.374598360951662,42.517681839085895,105.45223103041941
186,18.374717196694313,42.517650826688126,105.7092052757935
187,18.374835837736683,42.5176184641154,106.0
188,18.374953503139754,42.51758263397034,106.0
189,18.375072192681714,42.51755044136798,106.0
190,18.37519208266636,42.51752296457397,105.98023340293511
191,18.375310110082978,42.5174889191863,105.60366231533598
192,18.375427123450073,42.517451017714414,105.16325009084959
193,18.375545772354993,42.51741903568609,105.49506108519215
194,18.37566560537095,42.51739131294498,105.99138254887635
195,18.37578547623013,42.51736375776603,105.48757085154844
196,18.3759060323365,42.51733942201351,105.54730099927328
197,18.37602491234531,42.5173081541716,106.49284289676969
198,18.37614304265003,42.51727437136424,107.43728169767462
199,18.3762627935845,42.51724629085176,107.55342743673327
200,18.376382239271695,42.51721693732345,106.71950546121657
201,18.376501335215377,42.51718620574103,106.19345341406503
202,18.376620890066867,42.517157346151166,106.034617972589
203,18.37674151886029,42.51713336253394,106.58077127654302
204,18.376860588459973,42.517103144649596,106.38870701074933
205,18.376980343307462,42.51707517224839,105.9298861263164
206,18.37710005505597,42.517047120414276,105.27057671019635
207,18.37721736204818,42.51701026360964,104.97623523263178
208,18.37733458789473,42.51697302408731,104.51428893254501
209,18.377451940482928,42.516936182479405,104.08349909991524
210,18.377566402998553,42.516891247695156,104.0
211,18.37767893934197,42.51684161905222,104.0
212,18.37779208793634,42.51679340044002,104.47036623423459
213,18.377815786835956,42.51678905244663,0.0
214,18.37791263191297,42.516737178186766,0.0
215,18.378009476989984,42.516685303883534,0.0
216,18.378106322067,42.516633429536924,0.0
217,18.378203167144015,42.51658155514694,0.0
218,18.37830001222103,42.516529680713575,0.0
219,18.378396857298043,42.516477806236836,0.0
220,18.378493702375057,42.516425931716725,0.0
221,18.37859054745207,42.51637405715324,0.0
222,18.378687392529084,42.516322182546375,0.0
223,18.3787842376061,42.51627030789614,0.0
224,18.378881082683115,42.516218433202525,0.0
225,18.37897792776013,42.51616655846553,0.0
226,18.379074772837143,42.51611468368515,0.0
227,18.37917161791416,42.51606280886143,0.0
228,18.37926846299117,42.51601093399431,0.0
229,18.379365308068188,42.51595905908382,0.0
230,18.379462153145198,42.515907184129944,0.0
231,18.37955899822222,42.5158553091327,0.0
232,18.37965584329923,42.51580343409208,0.0
233,18.379752688376243,42.51575155900809,0.0
234,18.379849533453257,42.51569968388072,0.0
235,18.37994637853027,42.51564780870997,0.0
236,18.380043223607288,42.515595933495845,0.0
237,18.380140068684298,42.51554405823835,0.0
238,18.380236913761316,42.51549218293748,0.0
239,18.38033375883833,42.51544030759324,0.0
240,18.380430603915347,42.51538843220561,0.0
241,18.380527448992357,42.515336556774606,0.0
242,18.380624294069374,42.51528468130024,0.0
243,18.380721139146388,42.51523280578248,0.0
244,18.380817984223402,42.515180930221355,0.0
245,18.380910893052327,42.51512566417597,0.0
246,18.380994829474318,42.51506266979683,0.0
247,18.381078765896305,42.51499967535374,0.0
248,18.3811627023183,42.514936680846695,0.0
249,18.38124663874029,42.51487368627568,0.0
250,18.381330575162277,42.51481069164069,0.0
251,18.381415994095807,42.51474928089555,0.0
252,18.381525233249913,42.51471332025099,0.0
253,18.38163447240402,42.51467735958559,0.0
254,18.38174371155813,42.514641398899336,0.0
255,18.381852950712233,42.51460543819224,0.0
256,18.38196218986634,42.51456947746432,0.0
257,18.38207142902045,42.51453351671554,0.0
258,18.382180668174552,42.51449755594591,0.0
259,18.38228990732866,42.514461595155446,0.0
260,18.38239909819117,42.51442555553385,0.0
261,18.382507651388103,42.51438847524151,0.0
262,18.38261620458503,42.51435139492701,0.0
263,18.382724757781965,42.51431431459036,0.0
264,18.3828333109789,42.51427723423155,0.0
265,18.38294186417583,42.514240153850565,0.0
266,18.383050417372765,42.51420307344742,0.0
267,18.383158970569696,42.51416599302212,0.0
268,18.3832610255033,42.51412007117081,0.0
269,18.383362105448217,42.5140728227348,0.0
270,18.38346318539314,42.51402557426281,0.0
271,18.383606272347016,42.513985050694046,0.0
272,18.38370110650736,42.51392870441904,0.0
273,18.383795940667707,42.513872358092854,0.0
274,18.38389077482805,42.51381601171549,0.0
275,18.38398763379831,42.51376180466949,0.0
276,18.384091639905538,42.51371514913548,0.0
277,18.384195646012767,42.51366849356637,0.0
278,18.384299652119996,42.513621837962184,0.0
279,18.38440365822722,42.513575182322924,0.0
280,18.384507664334446,42.51352852664857,0.0
281,18.384611670441675,42.513481870939124,0.0
282,18.3847156765489,42.513435215194605,0.0
283,18.384819397783215,42.51338821583545,0.0
284,18.384922749322026,42.513340770557974,0.0
285,18.38502610086084,42.5132933252442,0.0
286,18.385129452399653,42.513245879894164,0.0
287,18.385232803938468,42.51319843450784,0.0
288,18.385336155477283,42.51315098908523,0.0
289,18.385440028331637,42.51310418129892,0.0
290,18.385544815763165,42.51305849218785,0.0
291,18.385649603194693,42.51301280304314,0.0
292,18.385754390626218,42.51296711386478,0.0
293,18.385859178057746,42.512921424652774,0.0
294,18.385963965489278,42.512875735407135,0.0
295,18.386070097580888,42.51283180304725,0.0
296,18.38617696320619,42.512788829084705,0.0
297,18.38628382883149,42.512745855092405,0.0
298,18.38639069445679,42.512702881070325,0.0
299,18.38649756008209,42.51265990701849,0.0
300,18.386604425707393,42.51261693293688,0.0
301,18.38671129133269,42.512573958825506,0.0
302,18.386818156957993,42.51253098468438,0.0
303,18.386925024865647,42.51248801362026,0.0
304,18.387044832182397,42.512498014505844,0.0
305,18.387165269560928,42.512510594961746,0.0
306,18.387286655183228,42.512515793216075,0.0
307,18.3874081397075,42.512520221505504,0.0
308,18.38752962423177,42.512524649794614,0.0
309,18.387645746355656,42.512512575141734,0.0
310,18.387751236043812,42.512467778839905,0.0
311,18.38785672573197,42.51242298250573,0.0
312,18.387962546124324,42.512378617258726,0.0
313,18.38806862212067,42.51233458519606,0.0
314,18.388174698117016,42.51229055310215,0.0
315,18.388280774113355,42.51224652097698,0.0
316,18.3883868501097,42.51220248882056,0.0
317,18.388492926106046,42.5121584566329,0.0
318,18.38859900210239,42.512114424413994,0.0
319,18.388705078098734,42.512070392163835,0.0
320,18.388811154095077,42.512026359882434,0.0
321,18.38891723009142,42.5119823275698,0.0
322,18.389023306087765,42.51193829522589,0.0
323,18.38912938208411,42.511894262850745,0.0
324,18.389235458080453,42.51185023044435,0.0
325,18.3893415340768,42.51180619800671,0.0
326,18.389447476280516,42.5117619898334,0.0
327,18.389553344773372,42.511717684827055,0.0
328,18.38965921326623,42.51167337978907,0.0
329,18.389765081759087,42.511629074719444,0.0
330,18.389870950251947,42.51158476961819,0.0
331,18.389976818744803,42.51154046448529,0.0
332,18.39008268723766,42.51149615932077,0.0
333,18.390185283852944,42.511447918171775,0.0
334,18.390286488295967,42.51139800224998,0.0
335,18.39038769273899,42.51134808628803,0.0
336,18.39048889718201,42.51129817028592,0.0
337,18.390590101625033,42.51124825424366,0.0
338,18.390691306068053,42.511198338161236,0.0
339,18.390791384417927,42.511147258640804,0.0
340,18.390887849157032,42.511092445754215,0.0
341,18.390984313896134,42.51103763281921,0.0
342,18.391080778635242,42.510982819835775,0.0
343,18.391177243374344,42.51092800680393,0.0
344,18.39127370811345,42.51087319372365,0.0
345,18.39137017285255,42.510818380594955,0.0
346,18.391466637591655,42.51076356741785,0.0
347,18.39156310233076,42.51070875419232,0.0
348,18.391659567069862,42.510653940918374,0.0
349,18.391756031808967,42.510599127596,0.0
350,18.39185249654807,42.510544314225214,0.0
351,18.391948961287174,42.51048950080601,0.0
352,18.39204542602628,42.510434687338375,0.0
353,18.39214189076538,42.51037987382232,0.0
354,18.392238355504485,42.51032506025786,0.0
355,18.39233482024359,42.51027024664497,0.0
356,18.392431284982695,42.51021543298366,0.0
357,18.392527749721797,42.51016061927395,0.0
358,18.392624214460902,42.51010580551579,0.0
359,18.392720679200004,42.510050991709235,0.0
360,18.39281714393911,42.50999617785425,0.0
361,18.392913608678214,42.50994136395084,0.0
362,18.393010073417315,42.50988654999902,0.0
363,18.39310653815642,42.50983173599877,0.0
364,18.393203002895522,42.50977692195012,0.0
365,18.393299467634627,42.50972210785303,0.0
366,18.393395932373732,42.50966729370753,0.0
367,18.393492397112833,42.509612479513606,0.0
368,18.393588861851935,42.50955766527127,0.0
369,18.39368532659104,42.50950285098051,0.0
370,18.393781791330145,42.509448036641324,0.0
371,18.393803024004782,42.50943397076848,0.0
372,18.393910562964052,42.50939192391909,0.0
373,18.394018101923326,42.509349877041224,0.0
374,18.394125640882596,42.50930783013485,0.0
375,18.39423317984187,42.5092657832,0.0
376,18.394340718801143,42.509223736236656,0.0
377,18.394448257760416,42.50918168924482,0.0
378,18.394555796719683,42.50913964222449,0.0
379,18.394657024992256,42.50908979194384,0.0
380,18.39475794086106,42.5090395553322,0.0
381,18.394858856729858,42.5089893186799,0.0
382,18.39495977259866,42.50893908198692,0.0
383,18.395060688467463,42.50888884525327,0.0
384,18.395161604336263,42.50883860847895,0.0
385,18.395266627939602,42.50879482095395,0.0
386,18.395383232819704,42.50876921642557,0.0
387,18.395499837699806,42.508743611886615,0.0
388,18.395616442579907,42.5087180073371,0.0
389,18.39573339617268,42.50869331384215,0.0
390,18.395850832323063,42.5086698810933,0.0
391,18.39596826847345,42.50864644833562,0.0
392,18.396085704623836,42.508623015569086,0.0
393,18.396203140774222,42.50859958279369,0.0
394,18.396320576924605,42.50857615000945,0.0
395,18.39643801307499,42.508552717216375,0.0
396,18.396555449225378,42.50852928441445,0.0
397,18.396672885375764,42.508505851603665,0.0
398,18.396777098949727,42.50846546996682,0.0
399,18.39686326275061,42.50840195191991,0.0
400,18.396949426551494,42.50833843380797,0.0
401,18.397035590352377,42.50827491563103,0.0
402,18.39712175415326,42.508211397389076,0.0
403,18.397207917954148,42.5081478790821,0.0
404,18.39729408175503,42.508084360710114,0.0
405,18.397380245555915,42.50802084227311,0.0
406,18.3974680548808,42.50795948780487,0.0
407,18.397586160892384,42.5079379765695,0.0
408,18.397704266903972,42.507916465326666,0.0
409,18.397822372915552,42.50789495407638,0.0
410,18.39794047892714,42.507873442818635,0.0
411,18.398058584938724,42.50785193155344,0.0
412,18.39817669095031,42.5078304202808,0.0
413,18.398294796961892,42.50780890900068,0.0
414,18.39841290297348,42.50778739771311,0.0
415,18.398531008985064,42.50776588641808,0.0
416,18.398649114996648,42.50774437511561,0.0
417,18.39876722100823,42.50772286380567,0.0
418,18.398885327019816,42.50770135248827,0.0
419,18.399003433031403,42.50767984116342,0.0
420,18.399121539042984,42.50765832983111,0.0
421,18.39923964505457,42.50763681849134,0.0
422,18.39935775106615,42.50761530714413,0.0
423,18.399479235164815,42.507611253142954,0.0
424,18.399600754396324,42.50760738070182,0.0
425,18.399722273627834,42.50760350826045,0.0
426,18.399843792859343,42.507599635818835,0.0
427,18.399964011431802,42.50760649126731,0.0
428,18.400082659062274,42.50762630390642,0.0
429,18.40020130669275,42.50764611653921,0.0
430,18.400319954323223,42.507665929165675,0.0
431,18.400438601953695,42.50768574178581,0.0
432,18.400483364480277,42.50763908671649,0.0
433,18.40047999036803,42.50754912740157,0.0
434,18.400476616255784,42.50745916795624,0.0
435,18.40046545162063,42.507369606137146,0.0
436,18.400452093209385,42.50728015619543,0.0
437,18.400438734798133,42.50719070612477,0.0
438,18.400478624986047,42.50711470592825,0.0
439,18.40058443732625,42.50707032423415,0.0
440,18.400690249666443,42.507025942508314,0.0
441,18.40079606200664,42.50698156075073,0.0
442,18.40090187434684,42.50693717896141,0.0
443,18.401007686687038,42.50689279714035,0.0
444,18.40111349902724,42.50684841528755,0.0
445,18.40121531601854,42.50679974644667,0.0
446,18.401308432285578,42.5067419622601,0.0
447,18.401378047298785,42.50666816480048,0.0
448,18.40144766231199,42.50659436725309,0.0
449,18.401517277325194,42.50652056961794,0.0
450,18.4015868923384,42.50644677189506,0.0
451,18.401656507351607,42.50637297408441,0.0
452,18.401728121136603,42.50630039203011,0.0
453,18.401829716910136,42.50625316547234,0.0
454,18.401939280722935,42.50621408279739,0.0
455,18.402048844535738,42.50617500009785,0.0
456,18.40215840834854,42.506135917373676,0.0
457,18.40226797216134,42.5060968346249,0.0
458,18.402377535974143,42.5060577518515,0.0
459,18.402487099786946,42.506018669053496,0.0
460,18.402592437649364,42.50597413074909,0.0
461,18.402655110024355,42.50591144812985,0.0
462,18.402712660249907,42.50584909405141,0.0
463,18.402770210475456,42.50578673991033,0.0
464,18.402829445002997,42.50573150889044,0.0
465,18.40288771188888,42.505644198293155,0.0
466,18.402945765662068,42.50555681119414,0.0
467,18.40300223510178,42.505468856151296,0.0
468,18.403058704541497,42.50538090098381,0.0
469,18.403117848451785,42.50529397642797,0.0
470,18.40318288753055,42.505209323741184,0.0
471,18.403247926609318,42.505124670938926,0.0
472,18.403332442302826,42.50505121032842,0.0
473,18.403426608570847,42.50498320766823,0.0
474,18.403515989744353,42.504911735883894,0.0
475,18.403605370917862,42.50484026401725,0.0
476,18.403713992777927,42.50478943239223,0.0
477,18.403836038377126,42.50475300096395,0.0
478,18.403960687273084,42.50472034415688,0.0
479,18.40407491557399,42.50469699836818,0.0
480,18.40418914387489,42.50467365257071,0.0
481,18.404303372175796,42.50465030676444,0.0
482,18.40441652497926,42.504624291451044,0.0
483,18.404529384345796,42.504597547784925,0.0
484,18.404642243712335,42.5045708041073,0.0
485,18.404751606011903,42.504538733950426,0.0
486,18.404849779472393,42.5044896217723,0.0
487,18.404947952932883,42.504440509555316,0.0
488,18.405037927646074,42.504384169956914,0.0
489,18.40512031375229,42.50432114080759,0.0
490,18.405202699858503,42.504258111594275,0.0
491,18.405275055450396,42.50418942827688,0.0
492,18.405335303531185,42.5041139200654,0.0
493,18.40539470260227,42.504038082640854,0.0
494,18.405444303704137,42.50395844690607,0.0
495,18.405493904806,42.50387881106911,0.0
496,18.405543505907872,42.50379917512998,0.0
497,18.40559310700974,42.50371953908865,0.0
498,18.405634481972672,42.503637455398874,0.0
499,18.405673195512097,42.50355457973865,0.0
500,18.405711909051526,42.50347170396776,0.0
501,18.405750622590954,42.50338882808622,0.0
502,18.405789336130383,42.503305952094024,0.0
503,18.405828049669807,42.503223075991144,0.0
504,18.405828049669807,42.503223075991144,0.0
505,18.405828049669807,42.503223075991144,0.0
506,18.405828049669807,42.503223075991144,0.0
507,18.405828049669807,42.503223075991144,0.0
508,18.405828049669807,42.503223075991144,0.0
509,18.405828049669807,42.503223075991144,0.0
510,18.405828049669807,42.503223075991144,0.0
511,18.405828049669807,42.503223075991144,0.0
512,18.405771140779866,42.503199834691536,0.0
513,18.405817341302917,42.5031237412462,0.0
514,18.405863541825973,42.503047647707554,0.0
515,18.405909742349024,42.50297155407563,0.0
516,18.405955942872076,42.50289546035041,0.0
517,18.40600825904647,42.50282280253825,0.0
518,18.406094907234113,42.50276943369547,0.0
519,18.406181555421764,42.502716064806805,0.0
520,18.406268203609407,42.50266269587225,0.0
521,18.406354851797055,42.50260932689181,0.0
522,18.406451929743696,42.5025674607457,0.0
523,18.406551524718232,42.5025283705786,0.0
524,18.40665111969276,42.50248928038688,0.0
525,18.406750714667297,42.502450190170535,0.0
526,18.406850309641825,42.50241109992959,0.0
527,18.406949904616358,42.502372009664015,0.0
528,18.407049084890392,42.50233237354853,0.0
529,18.407145977461727,42.50228972635081,0.0
530,18.407242870033055,42.5022470791238,0.0
531,18.407339762604387,42.50220443186747,0.0
532,18.407407496712718,42.50213898370552,0.0
533,18.4074703893755,42.50206974963232,0.0
534,18.40753328203828,42.50200051548189,0.0
535,18.407596174701055,42.501931281254244,0.0
536,18.407659067363834,42.50186204694936,0.0
537,18.407715368895083,42.50179021242551,0.0
538,18.40775799968748,42.50171298482919,0.0
539,18.407800630479883,42.50163575713676,0.0
540,18.40784326127228,42.50155852934825,0.0
541,18.40788589206468,42.50148130146366,0.0
542,18.407928522857077,42.50140407348299,0.0
543,18.407971153649477,42.501326845406226,0.0
544,18.408013784441877,42.501249617233384,0.0
545,18.408066544812524,42.50117638704373,0.0
546,18.408129476591153,42.50110717136139,0.0
547,18.40819240836978,42.50103795560186,0.0
548,18.408255340148408,42.50096873976515,0.0
549,18.408318271927033,42.50089952385127,0.0
550,18.408381203705662,42.50083030786019,0.0
551,18.40844413548429,42.50076109179194,0.0
552,18.408507067262917,42.500691875646496,0.0
553,18.408569999041546,42.5006226594239,0.0
554,18.408636168609938,42.5005553126719,0.0
555,18.40871160423812,42.50049331621264,0.0
556,18.408787039866308,42.50043131969146,0.0
557,18.40886247549449,42.50036932310836,0.0
558,18.408937911122674,42.50030732646334,0.0
559,18.409013346750854,42.5002453297564,0.0
560,18.40908878237904,42.50018333298755,0.0
561,18.409164218007223,42.50012133615676,0.0
562,18.409239653635407,42.50005933926407,0.0
563,18.40931508926359,42.49999734230944,0.0
564,18.409390524891776,42.499935345292904,0.0
565,18.409465960519956,42.49987334821444,0.0
566,18.40954139614814,42.49981135107407,0.0
567,18.40959373107133,42.499713488228345,0.0
568,18.409643853299773,42.49963294140673,0.0
569,18.40969397552822,42.49955239448062,0.0
570,18.409744097756665,42.49947184744998,0.0
571,18.40979421998511,42.49939130031483,0.0
572,18.409844342213557,42.49931075307514,0.0
573,18.409894464442,42.49923020573096,0.0
574,18.40994458667045,42.49914965828228,0.0
575,18.409994708898893,42.49906911072905,0.0
576,18.41004483112734,42.49898856307133,0.0
577,18.410094953355784,42.498908015309084,0.0
578,18.41014507558423,42.49882746744232,0.0
579,18.410195197812676,42.49874691947105,0.0
580,18.41024532004112,42.49866637139526,0.0
581,18.410295442269565,42.498585823214945,0.0
582,18.410345564498012,42.498505274930125,0.0
583,18.41039768727829,42.498425558243035,0.0
584,18.41046457778012,42.498351980940704,0.0
585,18.410531468281953,42.49827840355117,0.0
586,18.41059835878378,42.49820482607443,0.0
587,18.41066524928561,42.498131248510475,0.0
588,18.41073213978744,42.49805767085932,0.0
589,18.410799030289272,42.49798409312095,0.0
590,18.410865920791103,42.49791051529538,0.0
591,18.41093281129293,42.4978369373826,0.0
592,18.41099970179476,42.49776335938261,0.0
593,18.411066592296596,42.49768978129542,0.0
594,18.411133482798423,42.49761620312102,0.0
595,18.41120037330025,42.49754262485942,0.0
596,18.411267263802085,42.497469046510595,0.0
597,18.41130217548567,42.49738448409652,0.0
598,18.41133493784503,42.497299183323456,0.0
599,18.411367700204394,42.497213882433186,0.0
600,18.411400462563755,42.4971285814257,0.0
601,18.411433224923115,42.49704328030102,0.0
602,18.41146598728248,42.49695797905912,0.0
603,18.41149874964184,42.496872677700026,0.0
604,18.411531512001204,42.496787376223715,0.0
605,18.411564274360565,42.49670207463019,0.0
606,18.411586239810266,42.49661512498504,0.0
607,18.41160176012001,42.496527191493726,0.0
608,18.411617280429756,42.49643925787787,0.0
609,18.4116328007395,42.49635132413745,0.0
610,18.411648321049245,42.496263390272496,0.0
611,18.41166384135899,42.496175456282984,0.0
612,18.411679361668735,42.49608752216893,0.0
613,18.41169488197848,42.495999587930314,0.0
614,18.411710402288225,42.495911653567155,0.0
615,18.41172592259797,42.49582371907943,0.0
616,18.41174144290772,42.49573578446718,0.0
617,18.41175696321746,42.49564784973037,0.0
618,18.411796782053806,42.495564300390974,0.0
619,18.411837710969884,42.495480951292265,0.0
620,18.411878639885966,42.49539760208165,0.0
621,18.411919568802052,42.49531425275915,0.0
622,18.411960497718134,42.49523090332475,0.0
623,18.412001426634216,42.495147553778445,0.0
624,18.412042355550298,42.495064204120254,0.0
625,18.41208328446638,42.49498085435014,0.0
626,18.412124213382462,42.49489750446815,0.0
627,18.412164982821974,42.49481411212804,0.0
628,18.412204996276582,42.494730518937054,0.0
629,18.412245009731194,42.494646925633496,0.0
630,18.4122850231858,42.4945633322174,0.0
631,18.41240690441427,42.49445740236728,0.0
632,18.412325036640407,42.49447973868876,0.0
633,18.412443660667872,42.494371876701166,0.0
634,18.412480410070692,42.494286349303934,0.0
635,18.412517159473513,42.49420082178888,0.0
636,18.412553908876333,42.494115294156,0.0
637,18.412586831948072,42.4940290016633,0.0
638,18.412613227280783,42.4939414054968,0.0
639,18.41263960341785,42.49385380603807,0.0
640,18.412665979554923,42.49376620645574,0.0
641,18.412692355691988,42.49367860674981,0.0
642,18.41271873182906,42.4935910069203,0.0
643,18.41274510796613,42.49350340696718,0.0
644,18.4127714841032,42.493415806890475,0.0
645,18.412797860240268,42.49332820669017,0.0
646,18.412824236377336,42.49324060636627,0.0
647,18.412850612514408,42.49315300591878,0.0
648,18.412886268940987,42.49306727522954,0.0
649,18.412928194376843,42.49298305996801,0.0
650,18.412970119812698,42.492898844592254,0.0
651,18.413012045248554,42.49281462910227,0.0
652,18.413053970684413,42.49273041349806,0.0
653,18.41309589612027,42.49264619777963,0.0
654,18.413137821556123,42.49256198194697,0.0
655,18.413179746991982,42.49247776600007,0.0
656,18.413225423913346,42.49239465206486,0.0
657,18.413274679966136,42.492312639235436,0.0
658,18.41332408399393,42.49223067404911,0.0
659,18.41337348802173,42.49214870875459,0.0
660,18.413428996723752,42.492069307232185,0.0
661,18.41350387449284,42.491998707367976,0.0
662,18.41357875226193,42.491928107423504,0.0
663,18.41365363003102,42.49185750739876,0.0
664,18.41373283310355,42.4917897107402,0.0
665,18.41381836827764,42.491726089365415,0.0
666,18.413904277616243,42.4916627419459,0.0
667,18.413990186954845,42.491599394461744,0.0
668,18.414076096293446,42.491536046912955,0.0
669,18.414162005632043,42.49147269929955,0.0
670,18.414247914970648,42.491409351621506,0.0
671,18.414333824309246,42.49134600387884,0.0
672,18.414419733647847,42.49128265607155,0.0
673,18.414505642986448,42.491219308199625,0.0
674,18.41459155232505,42.49115596026307,0.0
675,18.41463206619482,42.49107168424032,0.0
676,18.414668656792376,42.49098611501353,0.0
677,18.414705247389932,42.49090054566882,0.0
678,18.414741837987492,42.49081497620621,0.0
679,18.414778428585052,42.490729406625654,0.0
680,18.41481501918261,42.49064383692719,0.0
681,18.414851609780168,42.49055826711081,0.0
682,18.414888200377728,42.490472697176514,0.0
683,18.414924790975284,42.49038712712429,0.0
684,18.41500791354574,42.49032205735388,0.0
685,18.41509957975229,42.490263293976454,0.0
686,18.41519124595884,42.49020453054342,0.0
687,18.41528291216539,42.49014576705478,0.0
688,18.415374578371942,42.49008700351051,0.0
689,18.415466244578493,42.49002823991064,0.0
690,18.415557910785044,42.48996947625517,0.0
691,18.41564957699159,42.48991071254408,0.0
692,18.415741243198145,42.48985194877738,0.0
693,18.415832909404696,42.489793184955055,0.0
694,18.415924575611243,42.489734421077145,0.0
695,18.416016241817793,42.489675657143614,0.0
696,18.416107908024344,42.48961689315447,0.0
697,18.41619957423089,42.489558129109724,0.0
698,18.41629124043744,42.48949936500936,0.0
699,18.416382906643992,42.489440600853385,0.0
700,18.416474572850543,42.48938183664181,0.0
701,18.416568500489806,42.489325076638586,0.0
702,18.416663424087982,42.48926921680624,0.0
703,18.416758347686166,42.489213356923635,0.0
704,18.416853271284346,42.4891574969908,0.0
705,18.416948194882526,42.4891016370077,0.0
706,18.417043118480706,42.48904577697436,0.0
707,18.417137534384597,42.48898948390455,0.0
708,18.417225347102423,42.48892758122611,0.0
709,18.417312583154537,42.4888652319837,0.0
710,18.417399819206647,42.48880288267871,0.0
711,18.417487055258757,42.4887405333111,0.0
712,18.417574291310874,42.48867818388091,0.0
713,18.417661527362984,42.488615834388106,0.0
714,18.41774716829757,42.48855232658682,0.0
715,18.41782528867653,42.48848376725033,0.0
716,18.417900382898807,42.488413289347776,0.0
717,18.41797547712109,42.488342811365264,0.0
718,18.418050571343365,42.48827233330274,0.0
719,18.41812497033647,42.488201476715204,0.0
720,18.418189754736616,42.48812572474479,0.0
721,18.41824788849692,42.488046953198584,0.0
722,18.418306022257223,42.48796818155246,0.0
723,18.418364156017528,42.48788940980642,0.0
724,18.41842228977783,42.487810637960465,0.0
725,18.418480423538135,42.487731866014585,0.0
726,18.41853088097037,42.48765063889369,0.0
727,18.41856067509121,42.487563753672305,0.0
728,18.418585927892387,42.4874759640856,0.0
729,18.418611180693567,42.487388174374786,0.0
730,18.418636433494747,42.48730038453987,0.0
731,18.418674265349438,42.487215259039495,0.0
732,18.418725028360704,42.48713374323659,0.0
733,18.418775791371964,42.4870522273267,0.0
734,18.418826554383227,42.486970711309795,0.0
735,18.418878067215623,42.486889456616545,0.0
736,18.4189347714339,42.48681015256792,0.0
737,18.418993579042546,42.486731653827725,0.0
738,18.419052386651188,42.48665315498828,0.0
739,18.41911119425983,42.486574656049626,0.0
740,18.419170001868476,42.486496157011764,0.0
741,18.419229607495353,42.48641799228772,0.0
742,18.419308831891815,42.48635110927388,0.0
743,18.41939721945711,42.48628965807939,0.0
744,18.419494675416995,42.4862373577682,0.0
745,18.419601733595453,42.48619519184321,0.0
746,18.4197087917739,42.486153025889585,0.0
747,18.41981584995235,42.48611085990732,0.0
748,18.41991726552276,42.48606192473957,0.0
749,18.420014748881407,42.48600853320059,0.0
750,18.42011215240309,42.48595506012321,0.0
751,18.42020955592477,42.48590158699978,0.0
752,18.420303545249485,42.485845341441205,0.0
753,18.42038420965117,42.485778317708,0.0
754,18.42046455183581,42.48571108157457,0.0
755,18.42054489402044,42.48564384536835,0.0
756,18.420625236205076,42.48557660908934,0.0
757,18.42070557838971,42.48550937273754,0.0
758,18.42078592057435,42.485442136312955,0.0
759,18.420866266745353,42.48537490242533,0.0
760,18.420947526250977,42.485308274814514,0.0
761,18.421029128139036,42.48524187445052,0.0
762,18.4211107300271,42.48517547401555,0.0
763,18.421192331915165,42.48510907350958,0.0
764,18.421273933803228,42.485042672932614,0.0
765,18.42135553569129,42.48497627228466,0.0
766,18.42143713757935,42.48490987156571,0.0
767,18.421518739467416,42.48484347077577,0.0
768,18.421600341355475,42.48477706991484,0.0
769,18.421681943243538,42.484710668982935,0.0
770,18.4217635451316,42.48464426798002,0.0
771,18.421845147019667,42.484577866906115,0.0
772,18.421926748907726,42.48451146576122,0.0
773,18.422008350795785,42.484445064545326,0.0
774,18.422089952683848,42.48437866325845,0.0
775,18.422171554571918,42.48431226190059,0.0
776,18.422250927906603,42.48424448974632,0.0
777,18.422322115677076,42.48417184288727,0.0
778,18.4223913940731,42.48409816912645,0.0
779,18.422460672469118,42.48402449527822,0.0
780,18.42252995086513,42.48395082134261,0.0
781,18.422599229261152,42.4838771473196,0.0
782,18.42266850765717,42.4838034732092,0.0
783,18.42273778605319,42.483729799011414,0.0
784,18.42280706444921,42.483656124726224,0.0
785,18.422876342845225,42.483582450353644,0.0
786,18.42294562124124,42.48350877589368,0.0
787,18.42301489963726,42.483435101346316,0.0
788,18.42308417803328,42.48336142671157,0.0
789,18.423153456429297,42.48328775198942,0.0
790,18.423222846917675,42.48321413623827,0.0
791,18.4232990277042,42.48314434944508,0.0
792,18.423377026369646,42.48307561531647,0.0
793,18.423455025035093,42.48300688111182,0.0
794,18.423533023700536,42.482938146831074,0.0
795,18.423611022365986,42.48286941247428,0.0
796,18.42368902103143,42.48280067804143,0.0
797,18.423767019696875,42.48273194353251,0.0
798,18.423861057154376,42.48267606484683,0.0
799,18.423967677621874,42.48263329322631,0.0
800,18.42407429808937,42.48259052157633,0.0
801,18.424180918556864,42.4825477498969,0.0
802,18.42428753902436,42.48250497818802,0.0
803,18.424394159491854,42.482462206449675,0.0
804,18.424500779959352,42.48241943468189,0.0
805,18.424607400426847,42.482376662884654,0.0
806,18.424712913113698,42.482332422285076,0.0
807,18.424816645252683,42.48228592168381,0.0
808,18.424920377391672,42.48223942104774,0.0
809,18.425024109530654,42.48219292037684,0.0
810,18.425126749607053,42.48214516828718,0.0
811,18.42521799874758,42.48208674673606,0.0
812,18.425301940949876,42.48202196092458,0.0
813,18.425385883152178,42.481957175045515,0.0
814,18.425469825354472,42.48189238909889,0.0
815,18.42555384635095,42.4818276599729,0.0
816,18.42563944813954,42.48176407552694,0.0
817,18.425725490130606,42.48170081664661,0.0
818,18.42581153212168,42.48163755770185,0.0
819,18.42589757411275,42.481574298692664,0.0
820,18.42598361610382,42.48151103961906,0.0
821,18.426069658094892,42.48144778048102,0.0
822,18.42615570008596,42.481384521278564,0.0
823,18.426241742077032,42.481321262011676,0.0
824,18.426327784068103,42.481258002680356,0.0
825,18.426235932545605,42.4813255332619,0.0
826,18.42631846912222,42.48126485116804,0.0
827,18.42640100569884,42.481204169014894,0.0
828,18.426483542275463,42.481143486802466,0.0
829,18.426566078852076,42.48108280453076,0.0
830,18.4266486154287,42.48102212219977,0.0
831,18.42673115200532,42.480961439809484,0.0
832,18.426813688581937,42.480900757359926,0.0
833,18.426896225158558,42.48084007485109,0.0
834,18.42697876173518,42.48077939228297,0.0
835,18.427061298311795,42.480718709655555,0.0
836,18.427154155839197,42.48066780830501,0.0
837,18.427256847141823,42.48062740586253,0.0
838,18.427360169372726,42.48058783676157,0.0
839,18.427463491603625,42.48054826763542,0.0
840,18.42756681383453,42.48050869848405,0.0
841,18.42767013606543,42.4804691293075,0.0
842,18.427773458296333,42.48042956010572,0.0
843,18.427876780527235,42.48038999087875,0.0
844,18.427980102758134,42.48035042162656,0.0
845,18.428083424989037,42.48031085234917,0.0
846,18.42818674721994,42.480271283046584,0.0
847,18.42829006945084,42.48023171371877,0.0
848,18.428393391681745,42.480192144365766,0.0
849,18.428496713912644,42.48015257498754,0.0
850,18.428600036143543,42.480113005584116,0.0
851,18.42870335837445,42.48007343615549,0.0
852,18.428806680605348,42.48003386670166,0.0
853,18.428910002836247,42.47999429722262,0.0
854,18.429013325067153,42.47995472771837,0.0
855,18.429116647298052,42.47991515818892,0.0
856,18.42921788641993,42.479872958393486,0.0
857,18.429313294456705,42.479823728098125,0.0
858,18.429407348703553,42.47977305204247,0.0
859,18.429501402950393,42.479722375945464,0.0
860,18.429595457197237,42.47967169980711,0.0
861,18.42967725373968,42.47961123106922,0.0
862,18.429749330404103,42.47954364938986,0.0
863,18.42982095881933,42.47947579692282,0.0
864,18.429892587234562,42.47940794438168,0.0
865,18.429964215649793,42.47934009176641,0.0
866,18.43003584406502,42.47927223907703,0.0
867,18.430107472480252,42.479204386313526,0.0
868,18.43017910089548,42.479136533475916,0.0
869,18.430250810943576,42.47906872831171,0.0
870,18.430326980212183,42.47900386676599,0.0
871,18.43041131144626,42.4789445498194,0.0
872,18.430495642680345,42.47888523281618,0.0
873,18.43057997391443,42.47882591575631,0.0
874,18.430664305148508,42.478766598639794,0.0
875,18.43074863638259,42.47870728146665,0.0
876,18.430834538170036,42.47864922994066,0.0
877,18.430924836431853,42.47859493840476,0.0
878,18.431015134693666,42.478540646821415,0.0
879,18.43110543295548,42.47848635519062,0.0
880,18.431195731217294,42.47843206351237,0.0
881,18.431286029479114,42.47837777178668,0.0
882,18.431376327740928,42.47832348001354,0.0
883,18.431466626002745,42.478269188192954,0.0
884,18.431556924264562,42.478214896324914,0.0
885,18.431647222526376,42.478160604409425,0.0
886,18.431735686091727,42.47810469848631,0.0
887,18.43182274291791,42.478047579380814,0.0
888,18.431909748195583,42.47799041683825,0.0
889,18.431996753473246,42.4779332542431,0.0
890,18.43208375875092,42.47787609159535,0.0
891,18.432170764028584,42.47781892889499,0.0
892,18.432257769306258,42.477761766142045,0.0
893,18.432344774583928,42.477704603336484,0.0
894,18.432431779861595,42.477647440478336,0.0
895,18.432519469327268,42.47759086334772,0.0
896,18.432609264451045,42.47753612179204,0.0
897,18.43269968239854,42.47748193854287,0.0
898,18.432790100346036,42.477427755246445,0.0
899,18.432880518293533,42.47737357190275,0.0
900,18.432970936241027,42.4773193885118,0.0
901,18.433061354188524,42.47726520507361,0.0
902,18.43315177213602,42.47721102158813,0.0
903,18.433241610781625,42.47715631602723,0.0
904,18.433294063525434,42.477081670131604,0.0
905,18.43333550909256,42.477001205871595,0.0
906,18.43337695465969,42.47692074150738,0.0
907,18.433418400226817,42.47684027703894,0.0
908,18.43345984579394,42.476759812466284,0.0
909,18.433501291361072,42.4766793477894,0.0
910,18.4335427369282,42.476598883008315,0.0
911,18.433584182495327,42.47651841812299,0.0
912,18.433625628062455,42.47643795313346,0.0
913,18.433625628062455,42.47643795313346,0.0
914,18.433625628062455,42.47643795313346,0.0
915,18.433625628062455,42.47643795313346,0.0
916,18.433625628062455,42.47643795313346,0.0
917,18.433625628062455,42.47643795313346,0.0
918,18.433625628062455,42.47643795313346,0.0
919,18.433625628062455,42.47643795313346,0.0
920,18.433625628062455,42.47643795313346,0.0
921,18.433625628062455,42.47643795313346,0.0
922,18.433625628062455,42.47643795313346,0.0
923,18.433667073629582,42.47635748803971,0.0
924,18.43370851919671,42.47627702284174,0.0
925,18.433749964763837,42.476196557539545,0.0
926,18.433791410330965,42.476116092133125,0.0
927,18.433832855898096,42.47603562662251,0.0
928,18.433878211327684,42.47595634769118,0.0
929,18.43397511451337,42.47590966460204,0.0
930,18.434073908487022,42.47586419489874,0.0
931,18.434172702460675,42.47581872516216,0.0
932,18.434271496434334,42.475773255392305,0.0
933,18.434370290407987,42.47572778558917,0.0
934,18.434469084381643,42.47568231575275,0.0
935,18.434567878355296,42.47563684588306,0.0
936,18.43466667232895,42.47559137598009,0.0
937,18.434765466302608,42.475545906043834,0.0
938,18.434864260276264,42.475500436074306,0.0
939,18.434963054249916,42.47545496607148,0.0
940,18.435061848223572,42.4754094960354,0.0
941,18.43516064219723,42.47536402596603,0.0
942,18.43525943617088,42.47531855586338,0.0
943,18.435359285759343,42.4752745517458,0.0
944,18.43546734719952,42.47524313569044,0.0
945,18.4355787727286,42.47521838966371,0.0
946,18.435690198257674,42.47519364362712,0.0
947,18.435801623786755,42.475168897580694,0.0
948,18.435913049315836,42.47514415152439,0.0
949,18.436024474844913,42.47511940545824,0.0
950,18.43613590037399,42.47509465938222,0.0
951,18.43624471987015,42.475065050587915,0.0
952,18.436344435651844,42.475021025833286,0.0
953,18.436441039202727,42.47497304560044,0.0
954,18.436536235113014,42.474923645954455,0.0
955,18.436625454667222,42.47486841624812,0.0
956,18.4367128699211,42.47481159456807,0.0
957,18.43673078571524,42.474801122763125,0.0
958,18.436790361623366,42.47475046574187,0.0
959,18.436849937531495,42.4746998086793,0.0
960,18.436909513439627,42.47464915157543,0.0
961,18.436969089347755,42.47459849443025,0.0
962,18.437028665255884,42.474547837243776,0.0
963,18.43708824116401,42.47449718001599,0.0
964,18.4371512355791,42.47444935212901,0.0
965,18.437225861336504,42.474411151078556,0.0
966,18.437300487093907,42.474372950004636,0.0
967,18.437300487093907,42.474372950004636,0.0
968,18.437300487093907,42.474372950004636,0.0
969,18.437300487093907,42.474372950004636,0.0
970,18.437300487093907,42.474372950004636,0.0
971,18.437300487093907,42.474372950004636,0.0
972,18.437300487093907,42.474372950004636,0.0
973,18.437300487093907,42.474372950004636,0.0
974,18.437300487093907,42.474372950004636,0.0
975,18.437300487093907,42.474372950004636,0.0
976,18.437300487093907,42.474372950004636,0.0
977,18.437300487093907,42.474372950004636,0.0
978,18.437300487093907,42.474372950004636,0.0
979,18.437300487093907,42.474372950004636,0.0
980,18.437300487093907,42.474372950004636,0.0
981,18.437300487093907,42.474372950004636,0.0
982,18.43737812915969,42.47433797671505,0.0
983,18.437474291556942,42.47429282583708,0.0
984,18.437578235465615,42.47425982519587,0.0
985,18.437687346168342,42.474235615293956,0.0
986,18.43779645687107,42.47421140538261,0.0
987,18.437905567573797,42.47418719546182,0.0
988,18.438014678276524,42.4741629855316,0.0
989,18.43812378897925,42.47413877559195,0.0
990,18.438232899681978,42.47411456564287,0.0
991,18.438342010384705,42.474090355684346,0.0
992,18.438451121087432,42.474066145716385,0.0
993,18.43856023179016,42.474041935739,0.0
994,18.438669342492886,42.47401772575218,0.0
995,18.438778453195614,42.47399351575593,0.0
996,18.438887563898344,42.47396930575024,0.0
997,18.438996319019896,42.47394423884066,0.0
998,18.439104649407376,42.47391817931863,0.0
999,18.43921297353458,42.473892105299136,0.0
1000,18.43932129766178,42.47386603126868,0.0
1001,18.439429621788978,42.47383995722729,0.0
1002,18.439537945916182,42.47381388317496,0.0
1003,18.439646270043383,42.473787809111684,0.0
1004,18.439754594170584,42.47376173503747,0.0
1005,18.439862918297784,42.47373566095231,0.0
1006,18.43997037805055,42.47370790283601,0.0
1007,18.44007407584862,42.47367304009725,0.0
1008,18.440176846676938,42.47363667659791,0.0
1009,18.440279617505254,42.47360031307728,0.0
1010,18.440382388333568,42.473563949535375,0.0
1011,18.440485159161884,42.473527585972185,0.0
1012,18.4405879299902,42.473491222387715,0.0
1013,18.440690700818518,42.47345485878196,0.0
1014,18.44079347164683,42.47341849515492,0.0
1015,18.440896242475148,42.4733821315066,0.0
1016,18.440994362488656,42.47333960043847,0.0
1017,18.441083931468413,42.473287591938664,0.0
1018,18.44117258503189,42.47323464539024,0.0
1019,18.4412611074222,42.47318157889436,0.0
1020,18.441339741037268,42.473120975106006,0.0
1021,18.441413894216726,42.47305696612332,0.0
1022,18.44148804739619,42.472992957074695,0.0
1023,18.441562200575653,42.47292894796013,0.0
1024,18.441624968637505,42.47285890516971,0.0
1025,18.441662701382707,42.47277948762721,0.0
1026,18.441698692708318,42.47269948250421,0.0
1027,18.441734684033932,42.4726194772782,0.0
1028,18.44177067535954,42.472539471949176,0.0
1029,18.44180422338152,42.4724588932291,0.0
1030,18.441834741124907,42.47237765037582,0.0
1031,18.44186525886829,42.47229640741632,0.0
1032,18.44189577661168,42.47221516435059,0.0
1033,18.441926294355063,42.472133921178624,0.0
1034,18.44195681209845,42.472052677900436,0.0
1035,18.44198732984184,42.47197143451602,0.0
1036,18.44205562364394,42.47190629812846,0.0
1037,18.44214155413632,42.47185094904124,0.0
1038,18.44222755154842,42.471795652443085,0.0
1039,18.44222755154842,42.471795652443085,0.0
1040,18.44222755154842,42.471795652443085,0.0
1041,18.44222755154842,42.471795652443085,0.0
1042,18.442313548960524,42.4717403557957,0.0
1043,18.442399546372627,42.47168505909911,0.0
1044,18.44248554378473,42.471629762353324,0.0
1045,18.442578967520905,42.47158307582371,0.0
1046,18.442684277837223,42.47155100358334,0.0
1047,18.44279041478976,42.471520393353146,0.0
1048,18.442896551742297,42.47148978310787,0.0
1049,18.443002688694833,42.4714591728475,0.0
1050,18.443113433038615,42.47144274383892,0.0
1051,18.44322699738514,42.47143626950667,0.0
1052,18.44322699738514,42.47143626950667,0.0
1053,18.44322699738514,42.47143626950667,0.0
1054,18.44322699738514,42.47143626950667,0.0
1055,18.44322699738514,42.47143626950667,0.0
1056,18.44322699738514,42.47143626950667,0.0
1057,18.44322699738514,42.47143626950667,0.0
1058,18.44322699738514,42.47143626950667,0.0
1059,18.44322699738514,42.47143626950667,0.0
1060,18.44322699738514,42.47143626950667,0.0
1061,18.44322699738514,42.47143626950667,0.0
1062,18.443340603979607,42.47143015550234,0.0
1063,18.443493545265138,42.47142192460874,0.0
1064,18.443617524454847,42.47141914248572,0.0
1065,18.443741127848998,42.471428833064415,0.0
1066,18.443864466979818,42.471440411914365,0.0
1067,18.44398780611064,42.47145199076215,0.0
1068,18.44411114524146,42.471463569607785,0.0
1069,18.444234484372284,42.47147514845126,0.0
1070,18.444357795101357,42.471486890456056,0.0
1071,18.44447895965594,42.471506851929334,0.0
1072,18.444599268866785,42.471530061283374,0.0
1073,18.444719578077624,42.471553270628746,0.0
1074,18.444839887288474,42.47157647996544,0.0
1075,18.444960196499316,42.471599689293484,0.0
1076,18.44508280261009,42.47161212221961,0.0
1077,18.445206950975784,42.471617049607374,0.0
1078,18.445331103853402,42.471621916869694,0.0
1079,18.445455256731023,42.471626784131665,0.0
1080,18.44557943707882,42.47162995863733,0.0
1081,18.445702137172084,42.47161824431697,0.0
1082,18.44582326927548,42.47159751312992,0.0
1083,18.445944048608187,42.47157574128305,0.0
1084,18.44605933329267,42.47154232446279,0.0
1085,18.44617126639363,42.47150226415659,0.0
1086,18.44628319949459,42.471462203824565,0.0
1087,18.4463940748738,42.4714205809865,0.0
1088,18.446499078469063,42.47137134156479,0.0
1089,18.446603721015634,42.47132164024406,0.0
1090,18.446708363562205,42.471271938883554,0.0
1091,18.446813006108773,42.4712222374833,0.0
1092,18.446917648655344,42.4711725360433,0.0
1093,18.447022291201908,42.47112283456353,0.0
1094,18.44712693374848,42.47107313304401,0.0
1095,18.44723009570075,42.47102178459226,0.0
1096,18.44733157682232,42.470968612383125,0.0
1097,18.447432973801753,42.470915351110314,0.0
1098,18.44753437078118,42.47086208979186,0.0
1099,18.447635767760612,42.47080882842773,0.0
1100,18.44773716474004,42.47075556701798,0.0
1101,18.447838561719472,42.470702305562554,0.0
1102,18.447939958698903,42.47064904406148,0.0
1103,18.448041355678335,42.47059578251475,0.0
1104,18.448142752657766,42.47054252092237,0.0
1105,18.44823635432177,42.47048279456039,0.0
1106,18.44831777117535,42.47041324030746,0.0
1107,18.448398517543843,42.47034325183341,0.0
1108,18.44847926391234,42.47027326328053,0.0
1109,18.44856001028084,42.47020327464884,0.0
1110,18.44864075664934,42.470133285938296,0.0
1111,18.448721503017833,42.47006329714894,0.0
1112,18.448802249386336,42.469993308280735,0.0
1113,18.448882995754833,42.46992331933371,0.0
1114,18.448964682989843,42.46985393436161,0.0
1115,18.449060169747952,42.469795101424566,0.0
1116,18.449156534434223,42.46973694355299,0.0
1117,18.449253139732402,42.46967904974998,0.0
1118,18.449363910413545,42.46963753621824,0.0
1119,18.44947901426501,42.46960274600778,0.0
1120,18.449594118116472,42.469567955777855,0.0
1121,18.449709221967932,42.46953316552843,0.0
1122,18.449824325819396,42.46949837525955,0.0
1123,18.44993942967086,42.46946358497119,0.0
1124,18.45005453352232,42.469428794663344,0.0
1125,18.450169637373786,42.46939400433602,0.0
1126,18.450285023612498,42.469359743348484,0.0
1127,18.45040118740337,42.469326940737915,0.0
1128,18.4505173615649,42.46929415823845,0.0
1129,18.450627676205798,42.46925350765364,0.0
1130,18.45072352426411,42.469194974192966,0.0
1131,18.450816514030496,42.46913390390976,0.0
1132,18.450894763078455,42.4690633631069,0.0
1133,18.450959006847263,42.468984559039484,0.0
1134,18.45102325061607,42.468905754872125,0.0
1135,18.45108661486688,42.468826564528705,0.0
1136,18.451148433202622,42.46874670457083,0.0
1137,18.451210058304067,42.468666762031745,0.0
1138,18.45127168340551,42.46858681938981,0.0
1139,18.45133330850695,42.468506876645044,0.0
1140,18.451394933608395,42.46842693379744,0.0
1141,18.45145660421809,42.46834701043225,0.0
1142,18.451517561412018,42.4682667871878,0.0
1143,18.451578518605952,42.468186563839815,0.0
1144,18.451639475799883,42.46810634038826,0.0
1145,18.45170043299381,42.46802611683313,0.0
1146,18.451761390187745,42.46794589317445,0.0
1147,18.45182234738168,42.4678656694122,0.0
1148,18.451883304575606,42.46778544554638,0.0
1149,18.45194426176954,42.46770522157701,0.0
1150,18.452005218963468,42.46762499750405,0.0
1151,18.4520661761574,42.46754477332756,0.0
1152,18.45213168557787,42.46746710037201,0.0
1153,18.45221957526841,42.46740199647549,0.0
1154,18.452307648373118,42.46733702829537,0.0
1155,18.452396367822118,42.46727255484992,0.0
1156,18.452489042375664,42.46721123318833,0.0
1157,18.452583574878066,42.467151447416065,0.0
1158,18.452678107380464,42.467091661586295,0.0
1159,18.452772639882866,42.46703187569899,0.0
1160,18.452867172385268,42.46697208975418,0.0
1161,18.452961704887667,42.466912303751855,0.0
1162,18.453056237390065,42.46685251769202,0.0
1163,18.453150769892467,42.46679273157466,0.0
1164,18.45324530239487,42.466732945399784,0.0
1165,18.453339834897267,42.4666731591674,0.0
1166,18.45343436739967,42.46661337287748,0.0
1167,18.45352889990207,42.46655358653007,0.0
1168,18.45362343240447,42.46649380012514,0.0
1169,18.453717964906872,42.46643401366268,0.0
1170,18.453812497409274,42.466374227142715,0.0
1171,18.453907029911672,42.46631444056524,0.0
1172,18.45400156241407,42.466254653930235,0.0
1173,18.454096094916473,42.466194867237725,0.0
1174,18.454190627418875,42.46613508048768,0.0
1175,18.454285159921273,42.46607529368014,0.0
1176,18.45437969242368,42.466015506815076,0.0
1177,18.454474224926077,42.46595571989249,0.0
1178,18.45456875742848,42.4658959329124,0.0
1179,18.454663289930878,42.46583614587479,0.0
1180,18.454757822433276,42.465776358779664,0.0
1181,18.454852354935678,42.46571657162703,0.0
1182,18.45494973940664,42.465659356328025,0.0
1183,18.455048346321618,42.46560329259366,0.0
1184,18.455146953236593,42.465547228808724,0.0
1185,18.45524556015157,42.46549116497321,0.0
1186,18.455344167066546,42.46543510108712,0.0
1187,18.455442773981524,42.465379037150456,0.0
1188,18.4555413808965,42.46532297316322,0.0
1189,18.455639987811473,42.465266909125404,0.0
1190,18.45573859472645,42.46521084503703,0.0
1191,18.45583720164143,42.46515478089806,0.0
1192,18.455935808556404,42.46509871670852,0.0
1193,18.456034415471382,42.46504265246841,0.0
1194,18.456133022386357,42.46498658817772,0.0
1195,18.45623162930133,42.464930523836465,0.0
1196,18.45633023621631,42.46487445944462,0.0
1197,18.456428843131285,42.464818395002226,0.0
1198,18.456529632808678,42.46478175376148,0.0
1199,18.456641366122405,42.46485314519337,0.0
1200,18.45673735374398,42.46489419822672,0.0
1201,18.45684793473892,42.46490805070758,0.0
1202,18.456958333535503,42.464896072916105,0.0
1203,18.457042346767384,42.46484113235176,0.0
1204,18.457125290504255,42.46478469639828,0.0
1205,18.457209846344966,42.46472961221336,0.0
1206,18.4572977690321,42.46467749027305,0.0
1207,18.45738640338392,42.46462601418638,0.0
1208,18.45747485828688,42.46457437005519,0.0
1209,18.45756229063421,42.464521784172966,0.0
1210,18.457649120286714,42.46446864857366,0.0
1211,18.457735949939224,42.46441551292892,0.0
1212,18.457822779591726,42.46436237723876,0.0
1213,18.457907761076807,42.46430766929039,0.0
1214,18.457984645691948,42.46424686333692,0.0
1215,18.458058717404278,42.46418402430303,0.0
1216,18.458132789116608,42.46412118520558,0.0
1217,18.4582106102177,42.46406102320941,0.0
1218,18.45829718891745,42.46400778524847,0.0
1219,18.45838602352513,42.463956498194634,0.0
1220,18.458474858132817,42.463905211098485,0.0
1221,18.45857239619291,42.46386671328528,0.0
1222,18.45868150013881,42.46384599243606,0.0
1223,18.45879092415333,42.4638261787339,0.0
1224,18.458900348167855,42.463806365025434,0.0
1225,18.45900977218238,42.46378655131064,0.0
1226,18.45910093209538,42.46374269629869,0.0
1227,18.459179763157337,42.463683117102605,0.0
1228,18.45925839437209,42.46362339168612,0.0
1229,18.459337025586844,42.46356366621226,0.0
1230,18.459415656801593,42.463503940680994,0.0
1231,18.45949428801634,42.463444215092345,0.0
1232,18.459572919231093,42.463384489446284,0.0
1233,18.45965155044584,42.46332476374285,0.0
1234,18.45965155044584,42.46332476374285,0.0
1235,18.45965155044584,42.46332476374285,0.0
1236,18.45965155044584,42.46332476374285,0.0
1237,18.45965155044584,42.46332476374285,0.0
1238,18.45965155044584,42.46332476374285,0.0
1239,18.45965155044584,42.46332476374285,0.0
1240,18.45965155044584,42.46332476374285,0.0
1241,18.459762051707965,42.46324522883345,0.0
1242,18.45985765411519,42.463179138877564,0.0
1243,18.45995325652241,42.46311304885138,0.0
1244,18.460048858929635,42.463046958754944,0.0
1245,18.46014446133686,42.462980868588225,0.0
1246,18.460240063744084,42.462914778351234,0.0
1247,18.460335666151305,42.462848688043955,0.0
1248,18.460431268558533,42.46278259766641,0.0
1249,18.46052687096575,42.4627165072186,0.0
1250,18.46062247337298,42.4626504167005,0.0
1251,18.460710077332966,42.46257915994343,0.0
1252,18.46078213251895,42.46249836092286,0.0
1253,18.460852774528263,42.46241685703195,0.0
1254,18.460923416537575,42.46233535303416,0.0
1255,18.46099405854689,42.46225384892949,0.0
1256,18.461064700556207,42.46217234471794,0.0
1257,18.46113674384284,42.46209151892385,0.0
1258,18.461210336281933,42.46201145853007,0.0
1259,18.461283928721027,42.46193139803317,0.0
1260,18.46135752116013,42.46185133743316,0.0
1261,18.461431113599225,42.461771276730026,0.0
1262,18.461509331118698,42.46169394400476,0.0
1263,18.46159969688592,42.46162393939875,0.0
1264,18.461690978228866,42.46155457918862,0.0
1265,18.46178225957181,42.46148521890109,0.0
1266,18.461873540914745,42.46141585853616,0.0
1267,18.46196482225769,42.46134649809383,0.0
1268,18.462056103600634,42.4612771375741,0.0
1269,18.462147384943577,42.461207776976984,0.0
1270,18.462238666286517,42.46113841630247,0.0
1271,18.462329947629463,42.46106905555055,0.0
1272,18.462421228972403,42.46099969472123,0.0
1273,18.46251251031535,42.460930333814524,0.0
1274,18.462603791658292,42.46086097283041,0.0
1275,18.462693176171026,42.4607902954824,0.0
1276,18.462778422244284,42.460716844278046,0.0
1277,18.46286366831754,42.460643392986896,0.0
1278,18.462948914390797,42.46056994160895,0.0
1279,18.46303416046405,42.46049649014423,0.0
1280,18.463119406537313,42.4604230385927,0.0
1281,18.463204652610568,42.46034958695437,0.0
1282,18.463289898683822,42.460276135229265,0.0
1283,18.46337514475708,42.46020268341735,0.0
1284,18.46346039083034,42.46012923151864,0.0
1285,18.463545636903593,42.460055779533135,0.0
1286,18.463630882976855,42.459982327460835,0.0
1287,18.463716129050106,42.45990887530174,0.0
1288,18.463801375123367,42.459835423055864,0.0
1289,18.46388662119662,42.459761970723186,0.0
1290,18.46397186726988,42.45968851830372,0.0
1291,18.464057113343134,42.45961506579745,0.0
1292,18.464142359416392,42.45954161320439,0.0
1293,18.46422770348682,42.459468222957746,0.0
1294,18.464313071153207,42.45939484765865,0.0
1295,18.464398438819593,42.45932147227294,0.0
1296,18.46448380648598,42.459248096800636,0.0
1297,18.46456917415237,42.45917472124171,0.0
1298,18.464649865050585,42.45909882787076,0.0
1299,18.46471298524905,42.45901407460205,0.0
1300,18.46477260037968,42.45892787044232,0.0
1301,18.464832215510306,42.45884166616304,0.0
1302,18.46489265625753,42.45875580048631,0.0
1303,18.46495998128866,42.45867276707233,0.0
1304,18.46502762844824,42.45858987688902,0.0
1305,18.465095275607815,42.45850698659518,0.0
1306,18.465164111598295,42.4584246381973,0.0
1307,18.46525045017288,42.45835197649716,0.0
1308,18.4653376865076,42.4582798150238,0.0
1309,18.465427478934632,42.45820944779149,0.0
1310,18.465522914905815,42.458143220729,0.0
1311,18.46561840967133,42.45807704037918,0.0
1312,18.46571467037624,42.458011471451485,0.0
1313,18.465811229814,42.45794614319458,0.0
1314,18.46590778925176,42.457880814869014,0.0
1315,18.46600434868952,42.45781548647482,0.0
1316,18.466100908127274,42.45775015801195,0.0
1317,18.466197459935987,42.45768482329852,0.0
1318,18.466293988007212,42.457619469287174,0.0
1319,18.466390513037148,42.45755411274367,0.0
1320,18.466487038067083,42.457488756131454,0.0
1321,18.466583563097018,42.45742339945054,0.0
1322,18.466680088126957,42.45735804270091,0.0
1323,18.466779130047396,42.457294832849186,0.0
1324,18.466881449176366,42.45723450219351,0.0
1325,18.466983768305337,42.45717417147926,0.0
1326,18.467086087434303,42.45711384070647,0.0
1327,18.467188406563277,42.45705350987514,0.0
1328,18.467290725692244,42.45699317898526,0.0
1329,18.467394049015184,42.456933797963934,0.0
1330,18.467497956979862,42.45687497480127,0.0
1331,18.467601864944537,42.456816151582956,0.0
1332,18.46770577290922,42.45675732830897,0.0
1333,18.4678096808739,42.45669850497933,0.0
1334,18.467913455907947,42.456639553927026,0.0
1335,18.46794228366462,42.45655005673597,0.0
1336,18.46802020878514,42.45650506272142,0.0
1337,18.468098133905663,42.45646006867429,0.0
1338,18.468176059026185,42.4564150745946,0.0
1339,18.468253984146706,42.45637008048235,0.0
1340,18.468331909267228,42.45632508633753,0.0
1341,18.468409834387753,42.45628009216015,0.0
1342,18.468487759508275,42.45623509795021,0.0
1343,18.468487759508275,42.45623509795021,0.0
1344,18.468487759508275,42.45623509795021,0.0
1345,18.468487759508275,42.45623509795021,0.0
1346,18.468487759508275,42.45623509795021,0.0
1347,18.468565684628796,42.45619010370769,0.0
1348,18.468565684628796,42.45619010370769,0.0
1349,18.468565684628796,42.45619010370769,0.0
1350,18.468565684628796,42.45619010370769,0.0
1351,18.468565684628796,42.45619010370769,0.0
1352,18.468712742905236,42.45613350094561,0.0
1353,18.46880803698521,42.45607795804769,0.0
1354,18.46890333106518,42.45602241510015,0.0
1355,18.46899862514515,42.45596687210299,0.0
1356,18.46909292957806,42.45591046391172,0.0
1357,18.469181919830042,42.45584946111581,0.0
1358,18.469270017069285,42.45578774586895,0.0
1359,18.469358114308523,42.45572603056083,0.0
1360,18.469446211547766,42.455664315191434,0.0
1361,18.469534308787004,42.45560259976077,0.0
1362,18.46958903935176,42.45552312180817,0.0
1363,18.46962566165653,42.455437511043414,0.0
1364,18.469662283961306,42.45535190016078,0.0
1365,18.469698906266075,42.455266289160235,0.0
1366,18.46973552857085,42.45518067804182,0.0
1367,18.469772150875617,42.45509506680551,0.0
1368,18.469808773180393,42.45500945545131,0.0
1369,18.469845395485166,42.45492384397922,0.0
1370,18.46988201778994,42.454838232389235,0.0
1371,18.46991864009471,42.45475262068138,0.0
1372,18.46995526239948,42.45466700885564,0.0
1373,18.469991884704257,42.45458139691199,0.0
1374,18.470028507009026,42.45449578485046,0.0
1375,18.4700651293138,42.45441017267105,0.0
1376,18.47010175161857,42.45432456037374,0.0
1377,18.470138373923344,42.45423894795855,0.0
1378,18.470174996228117,42.45415333542546,0.0
1379,18.47021161853289,42.45406772277449,0.0
1380,18.470248240837662,42.453982110005626,0.0
1381,18.470284863142435,42.45389649711888,0.0
1382,18.470321485447204,42.45381088411425,0.0
1383,18.47035810775198,42.453725270991725,0.0
1384,18.47039473005675,42.45363965775132,0.0
1385,18.470431352361523,42.45355404439301,0.0
1386,18.470471484789794,42.453469420204215,0.0
1387,18.47052571323852,42.45338917749102,0.0
1388,18.470584163920787,42.45331049054294,0.0
1389,18.47064261460305,42.453231803495264,0.0
1390,18.47070106528532,42.453153116348005,0.0
1391,18.470765092260123,42.453076911469935,0.0
1392,18.47084072270551,42.453006708363645,0.0
1393,18.4709163531509,42.45293650517808,0.0
1394,18.470991983596292,42.45286630191325,0.0
1395,18.471067614041687,42.452796098569145,0.0
1396,18.471143244487074,42.45272589514579,0.0
1397,18.471218874932465,42.45265569164316,0.0
1398,18.471294505377855,42.45258548806126,0.0
1399,18.471370135823243,42.45251528440009,0.0
1400,18.471445747751403,42.45244506975413,0.0
1401,18.47152088195669,42.45237457489785,0.0
1402,18.471595571498472,42.452303820727714,0.0
1403,18.471670261040252,42.452233066477056,0.0
1404,18.471744950582035,42.45216231214589,0.0
1405,18.47181964012382,42.45209155773421,0.0
1406,18.471894329665602,42.452020803242,0.0
1407,18.471969019207386,42.451950048669296,0.0
1408,18.47204370874917,42.451879294016074,0.0
1409,18.472118398290952,42.45180853928234,0.0
1410,18.472193087832732,42.45173778446808,0.0
1411,18.472267777374515,42.45166702957331,0.0
1412,18.472342466916295,42.45159627459803,0.0
1413,18.47241715645808,42.45152551954223,0.0
1414,18.472491845999865,42.45145476440592,0.0
1415,18.472566659612262,42.45138408198135,0.0
1416,18.47264450330275,42.45131526304922,0.0
1417,18.472725871648937,42.451248669446485,0.0
1418,18.472807239995124,42.451182075772444,0.0
1419,18.472888608341307,42.451115482027085,0.0
1420,18.472969976687494,42.45104888821038,0.0
1421,18.47305134503368,42.45098229432238,0.0
1422,18.473132713379872,42.45091570036305,0.0
1423,18.47321408172606,42.450849106332406,0.0
1424,18.473295450072246,42.45078251223044,0.0
1425,18.47337681841843,42.45071591805714,0.0
1426,18.473451984117066,42.4506455873292,0.0
1427,18.473516011303797,42.450569352706395,0.0
1428,18.473579041935807,42.450492625548435,0.0
1429,18.47364207256782,42.4504158982958,0.0
1430,18.47370510319983,42.4503391709485,0.0
1431,18.47376813383184,42.45026244350652,0.0
1432,18.473831164463853,42.45018571596986,0.0
1433,18.473894195095866,42.450108988338535,0.0
1434,18.47395722572788,42.450032260612524,0.0
1435,18.47402025635989,42.44995553279184,0.0
1436,18.4740832869919,42.44987880487648,0.0
1437,18.474146317623912,42.44980207686644,0.0
1438,18.474209348255922,42.449725348761724,0.0
1439,18.474272378887935,42.44964862056234,0.0
1440,18.47433540951995,42.44957189226828,0.0
1441,18.47439844015196,42.44949516387955,0.0
1442,18.47446384193565,42.4494196804587,0.0
1443,18.47454401880815,42.449352401763626,0.0
1444,18.474628577503154,42.44928802279877,0.0
1445,18.474713136198158,42.449223643767276,0.0
1446,18.474797694893166,42.449159264669134,0.0
1447,18.474882253588174,42.44909488550434,0.0
1448,18.474966812283178,42.449030506272884,0.0
1449,18.475051370978186,42.44896612697478,0.0
1450,18.47513592967319,42.44890174761003,0.0
1451,18.475220488368194,42.44883736817861,0.0
1452,18.475305047063205,42.44877298868056,0.0
1453,18.47538960575821,42.44870860911585,0.0
1454,18.475474164453214,42.448644229484486,0.0
1455,18.475558723148218,42.44857984978648,0.0
1456,18.475643281843226,42.44851547002181,0.0
1457,18.47572784053823,42.4484510901905,0.0
1458,18.475812399233238,42.44838671029254,0.0
1459,18.475896957928246,42.44832233032791,0.0
1460,18.47598151662325,42.44825795029664,0.0
1461,18.476066075318258,42.448193570198725,0.0
1462,18.476150634013262,42.44812919003416,0.0
1463,18.47623519270827,42.44806480980293,0.0
1464,18.476319751403274,42.44800042950505,0.0
1465,18.476404310098278,42.44793604914054,0.0
1466,18.476488868793286,42.447871668709354,0.0
1467,18.47657373953114,42.44780751467763,0.0
1468,18.47665946343957,42.44774398577055,0.0
1469,18.47674537299899,42.447680593662355,0.0
1470,18.476831282558408,42.447617201489535,0.0
1471,18.47691719211783,42.447553809252106,0.0
1472,18.477003101677248,42.44749041695005,0.0
1473,18.477089011236668,42.44742702458339,0.0
1474,18.477174920796088,42.4473636321521,0.0
1475,18.477260830355505,42.44730023965619,0.0
1476,18.47734673991493,42.44723684709566,0.0
1477,18.477432649474345,42.4471734544705,0.0
1478,18.477518559033765,42.44711006178073,0.0
1479,18.477604468593185,42.447046669026335,0.0
1480,18.4776903781526,42.44698327620731,0.0
1481,18.47777628771202,42.44691988332368,0.0
1482,18.477862197271442,42.44685649037543,0.0
1483,18.477948285544525,42.44679324131105,0.0
1484,18.478033496299435,42.44673017570989,0.0
1485,18.478104227257095,42.446657218081405,0.0
1486,18.47817495821475,42.44658426036733,0.0
1487,18.47824568917241,42.44651130256767,0.0
1488,18.47831642013007,42.44643834468241,0.0
1489,18.47838715108773,42.44636538671157,0.0
1490,18.47845788204539,42.44629242865514,0.0
1491,18.478528613003046,42.44621947051312,0.0
1492,18.478599343960706,42.4461465122855,0.0
1493,18.478670074918366,42.44607355397231,0.0
1494,18.478740805876026,42.446000595573516,0.0
1495,18.478811536833685,42.445927637089135,0.0
1496,18.478881284068837,42.44585417025116,0.0
1497,18.47894403508019,42.445777397112316,0.0
1498,18.479003507446876,42.44569912153899,0.0
1499,18.479062979813563,42.445620845867175,0.0
1500,18.47912245218025,42.445542570096826,0.0
1501,18.479181924546932,42.44546429422795,0.0
1502,18.47924139691362,42.44538601826057,0.0
1503,18.479300869280305,42.44530774219466,0.0
1504,18.47936034164699,42.44522946603023,0.0
1505,18.479419814013674,42.44515118976729,0.0
1506,18.479479286380357,42.445072913405824,0.0
1507,18.479538758747044,42.444994636945836,0.0
1508,18.47959823111373,42.44491636038734,0.0
1509,18.479657703480417,42.44483808373031,0.0
1510,18.4797171758471,42.44475980697477,0.0
1511,18.479776648213786,42.44468153012071,0.0
1512,18.47983612058047,42.44460325316813,0.0
1513,18.479895592947155,42.44452497611704,0.0
1514,18.47995506531384,42.444446698967425,0.0
1515,18.480014537680525,42.4443684217193,0.0
1516,18.480074010047208,42.44429014437264,0.0
1517,18.480133482413894,42.444211866927475,0.0
1518,18.48019295478058,42.444133589383775,0.0
1519,18.480252427147267,42.44405531174156,0.0
1520,18.48031189951395,42.44397703400084,0.0
1521,18.480371371880636,42.443898756161595,0.0
1522,18.480430844247323,42.44382047822381,0.0
1523,18.48049031661401,42.44374220018754,0.0
1524,18.480549788980692,42.443663922052735,0.0
1525,18.480609261347375,42.44358564381941,0.0
1526,18.48066873371406,42.44350736548757,0.0
1527,18.480728206080748,42.44342908705722,0.0
1528,18.480787678447435,42.44335080852833,0.0
1529,18.480847150814117,42.44327252990094,0.0
1530,18.480906623180804,42.44319425117502,0.0
1531,18.48096609554749,42.44311597235058,0.0
1532,18.481025567914177,42.44303769342764,0.0
1533,18.48108504028086,42.44295941440616,0.0
1534,18.481144512647543,42.44288113528618,0.0
1535,18.48120398501423,42.442802856067665,0.0
1536,18.481263457380916,42.44272457675064,0.0
1537,18.481322929747602,42.442646297335095,0.0
1538,18.481382402114285,42.442568017821046,0.0
1539,18.481441874480968,42.44248973820845,0.0
1540,18.481501346847654,42.44241145849736,0.0
1541,18.48156081921434,42.44233317868773,0.0
1542,18.481620291581027,42.4422548987796,0.0
1543,18.48167976394771,42.44217661877294,0.0
1544,18.481739236314397,42.44209833866777,0.0
1545,18.481798708681083,42.44202005846409,0.0
1546,18.48185818104777,42.44194177816187,0.0
1547,18.481917653414452,42.44186349776115,0.0
1548,18.481977125781135,42.4417852172619,0.0
1549,18.482036598147822,42.44170693666414,0.0
1550,18.48209607051451,42.441628655967854,0.0
1551,18.48215543955149,42.441550352079695,0.0
1552,18.482164014232705,42.44146075432495,0.0
1553,18.48217160666415,42.44137110681882,0.0
1554,18.482179199095597,42.441281459183486,0.0
1555,18.48218679152704,42.44119181141894,0.0
1556,18.482194383958486,42.4411021635252,0.0
1557,18.482201976389927,42.441012515502244,0.0
1558,18.482209568821375,42.440922867350096,0.0
1559,18.482217161252816,42.44083321906874,0.0
1560,18.482224753684264,42.44074357065817,0.0
1561,18.48223234611571,42.4406539221184,0.0
1562,18.482239938547153,42.440564273449425,0.0
1563,18.48224780136229,42.440474643955234,0.0
1564,18.482273117725683,42.44038755921055,0.0
1565,18.482321782933628,42.44030528358676,0.0
1566,18.48237044814157,42.44022300785415,0.0
1567,18.482419113349515,42.440140732012715,0.0
1568,18.48246777855746,42.44005845606245,0.0
1569,18.4825164437654,42.439976180003356,0.0
1570,18.48256510897335,42.439893903835454,0.0
1571,18.482613774181292,42.43981162755871,0.0
1572,18.482662439389237,42.43972935117315,0.0
1573,18.48271110459718,42.439647074678774,0.0
1574,18.482759769805124,42.43956479807556,0.0
1575,18.48280843501307,42.43948252136352,0.0
1576,18.48285710022101,42.43940024454266,0.0
1577,18.482905765428956,42.43931796761297,0.0
1578,18.4829544306369,42.439235690574456,0.0
1579,18.483003095844843,42.43915341342713,0.0
1580,18.48305176105279,42.439071136170966,0.0
1581,18.483100426260734,42.43898885880599,0.0
1582,18.483149091468675,42.438906581332176,0.0
1583,18.48319775667662,42.438824303749534,0.0
1584,18.483246421884566,42.43874202605807,0.0
1585,18.483295904267003,42.4386600212225,0.0
1586,18.483349106688546,42.43857931233535,0.0
1587,18.48340377327746,42.43849912858354,0.0
1588,18.48345843986637,42.438418944728355,0.0
1589,18.483513106455288,42.438338760769824,0.0
1590,18.483567773044204,42.43825857670794,0.0
1591,18.483622439633113,42.4381783925427,0.0
1592,18.48367710622203,42.43809820827411,0.0
1593,18.48373177281094,42.43801802390217,0.0
1594,18.483786439399854,42.43793783942685,0.0
1595,18.48384110598877,42.437857654848194,0.0
1596,18.483895772577686,42.43777747016619,0.0
1597,18.483950439166595,42.43769728538082,0.0
1598,18.48400510575551,42.43761710049208,0.0
1599,18.484059772344423,42.43753691550001,0.0
1600,18.48411443893334,42.43745673040458,0.0
1601,18.484169105522252,42.437376545205794,0.0
1602,18.484223772111168,42.43729635990364,0.0
1603,18.48427843870008,42.43721617449815,0.0
1604,18.484333105288993,42.43713598898929,0.0
1605,18.48438777187791,42.43705580337708,0.0
1606,18.484442438466825,42.43697561766153,0.0
1607,18.484497105055734,42.4368954318426,0.0
1608,18.48455177164465,42.43681524592033,0.0
1609,18.484606438233563,42.43673505989471,0.0
1610,18.484661104822475,42.43665487376572,0.0
1611,18.48471577141139,42.43657468753339,0.0
1612,18.484770438000307,42.43649450119769,0.0
1613,18.484824210171524,42.43641398533611,0.0
1614,18.484866041485528,42.43632971432238,0.0
1615,18.4849068120996,42.43624511189456,0.0
1616,18.484947582713662,42.43616050935168,0.0
1617,18.48498835332773,42.436075906693745,0.0
1618,18.485029123941796,42.435991303920765,0.0
1619,18.485069894555863,42.435906701032735,0.0
1620,18.485110665169927,42.435822098029654,0.0
1621,18.485151435783997,42.435737494911514,0.0
1622,18.485192206398064,42.43565289167833,0.0
1623,18.485232977012128,42.4355682883301,0.0
1624,18.485273747626195,42.4354836848668,0.0
1625,18.48531451824026,42.435399081288466,0.0
1626,18.485359530064226,42.43531596131224,0.0
1627,18.48542613783972,42.43524100795899,0.0
1628,18.485497884717493,42.435168583112215,0.0
1629,18.48556963159527,42.43509615818113,0.0
1630,18.485641378473044,42.435023733165735,0.0
1631,18.48571312535082,42.43495130806602,0.0
1632,18.485799605249664,42.434888404978224,0.0
1633,18.48588920059736,42.4348278635059,0.0
1634,18.485978795945055,42.434767321974654,0.0
1635,18.486068391292754,42.4347067803845,0.0
1636,18.48615798664045,42.43464623873544,0.0
1637,18.486247581988145,42.43458569702745,0.0
1638,18.486350356512325,42.43453808379246,0.0
1639,18.48645544904014,42.43449325355052,0.0
1640,18.486560541567954,42.43444842327628,0.0
1641,18.486665634095772,42.43440359296973,0.0
1642,18.486771875831398,42.43436031081665,0.0
1643,18.486885324227472,42.4343292691933,0.0
1644,18.48700076346804,42.434301743011126,0.0
1645,18.487116202708602,42.43427421681677,0.0
1646,18.487231641949172,42.434246690610244,0.0
1647,18.487347090418375,42.434219185663366,0.0
1648,18.487463744253574,42.43419482738706,0.0
1649,18.487581507451633,42.434173372577526,0.0
1650,18.487699270649692,42.434151917760595,0.0
1651,18.48781703384775,42.434130462936274,0.0
1652,18.48793479704581,42.434109008104556,0.0
1653,18.48805256024387,42.434087553265435,0.0
1654,18.488170323441928,42.43406609841892,0.0
1655,18.488288086639987,42.43404464356499,0.0
1656,18.488405849838045,42.434023188703684,0.0
1657,18.488523613036104,42.43400173383497,0.0
1658,18.488641376060524,42.43398027843604,0.0
1659,18.48875767977791,42.433955430671794,0.0
1660,18.48887047400883,42.433922431292544,0.0
1661,18.48898326823975,42.43388943189578,0.0
1662,18.489096062470672,42.43385643248152,0.0
1663,18.489208856701595,42.433823433049746,0.0
1664,18.489321650932517,42.43379043360048,0.0
1665,18.489434445163436,42.4337574341337,0.0
1666,18.48954723939436,42.43372443464943,0.0
1667,18.48966003362528,42.43369143514766,0.0
1668,18.489772667131255,42.433658139076414,0.0
1669,18.489884604940755,42.433623581283385,0.0
1670,18.48988665995401,42.4337146733124,0.0
1671,18.48988461112561,42.433804495260176,0.0
1672,18.489882562297208,42.43389431707828,0.0
1673,18.489880513468805,42.433984138766704,0.0
1674,18.489880513468805,42.433984138766704,0.0
1675,18.489880513468805,42.433984138766704,0.0
1676,18.489880513468805,42.433984138766704,0.0
1677,18.489880513468805,42.433984138766704,0.0
1678,18.489880513468805,42.433984138766704,0.0
1679,18.489880513468805,42.433984138766704,0.0
1680,18.489880513468805,42.433984138766704,0.0
